{
  "summary": {
    "5x5km": {
      "accuracy": 0.7894736842105263,
      "roc_auc": 0.7626262626262627,
      "classification_report": {
        "Non-Landslide": {
          "precision": 0.8653846153846154,
          "recall": 0.8333333333333334,
          "f1-score": 0.8490566037735849,
          "support": 54.0
        },
        "Landslide": {
          "precision": 0.625,
          "recall": 0.6818181818181818,
          "f1-score": 0.6521739130434783,
          "support": 22.0
        },
        "accuracy": 0.7894736842105263,
        "macro avg": {
          "precision": 0.7451923076923077,
          "recall": 0.7575757575757576,
          "f1-score": 0.7506152584085316,
          "support": 76.0
        },
        "weighted avg": {
          "precision": 0.7957995951417004,
          "recall": 0.7894736842105263,
          "f1-score": 0.7920642459306594,
          "support": 76.0
        }
      },
      "landslide_precision": 0.625,
      "landslide_recall": 0.6818181818181818,
      "landslide_f1": 0.6521739130434783,
      "threshold": 0.48,
      "feature_importances": [
        0.05109633965801086,
        0.08376506237506842,
        0.07054170629950726,
        0.06498906177674399,
        0.06495977408153951,
        0.06255712707558467,
        0.05652306626339443,
        0.06394996294581445,
        0.06175505733255095,
        0.07791435648867343,
        0.06035312263972211,
        0.05105543815240396,
        0.05310617646872895,
        0.0797561885294584,
        0.09767755991279865
      ]
    },
    "2x2km": {
      "accuracy": 0.6625,
      "roc_auc": 0.6784897025171625,
      "classification_report": {
        "Non-Landslide": {
          "precision": 0.8571428571428571,
          "recall": 0.631578947368421,
          "f1-score": 0.7272727272727273,
          "support": 57.0
        },
        "Landslide": {
          "precision": 0.4473684210526316,
          "recall": 0.7391304347826086,
          "f1-score": 0.5573770491803278,
          "support": 23.0
        },
        "accuracy": 0.6625,
        "macro avg": {
          "precision": 0.6522556390977443,
          "recall": 0.6853546910755148,
          "f1-score": 0.6423248882265276,
          "support": 80.0
        },
        "weighted avg": {
          "precision": 0.7393327067669173,
          "recall": 0.6625,
          "f1-score": 0.6784277198211625,
          "support": 80.0
        }
      },
      "landslide_precision": 0.4473684210526316,
      "landslide_recall": 0.7391304347826086,
      "landslide_f1": 0.5573770491803278,
      "threshold": 0.3333333333333333,
      "feature_importances": [
        0.05335602199390687,
        0.07243577094471733,
        0.08325352691058999,
        0.062377524482444914,
        0.06087782836768281,
        0.05559489780892034,
        0.05355446026513579,
        0.06250104270876546,
        0.06937519385779155,
        0.07790870223089903,
        0.067802886119758,
        0.05949966953572952,
        0.05972294821567421,
        0.06859655401745501,
        0.0931429725405291
      ]
    },
    "1x1km": {
      "accuracy": 0.5365853658536586,
      "roc_auc": 0.6429624170965365,
      "classification_report": {
        "Non-Landslide": {
          "precision": 0.92,
          "recall": 0.3898305084745763,
          "f1-score": 0.5476190476190477,
          "support": 59.0
        },
        "Landslide": {
          "precision": 0.3684210526315789,
          "recall": 0.9130434782608695,
          "f1-score": 0.525,
          "support": 23.0
        },
        "accuracy": 0.5365853658536586,
        "macro avg": {
          "precision": 0.6442105263157895,
          "recall": 0.6514369933677229,
          "f1-score": 0.5363095238095239,
          "support": 82.0
        },
        "weighted avg": {
          "precision": 0.7652888318356867,
          "recall": 0.5365853658536586,
          "f1-score": 0.5412746806039489,
          "support": 82.0
        }
      },
      "landslide_precision": 0.3684210526315789,
      "landslide_recall": 0.9130434782608695,
      "landslide_f1": 0.525,
      "threshold": 0.17333333333333334,
      "feature_importances": [
        0.05074272089427252,
        0.0868989123290336,
        0.06404847200724448,
        0.08958333700497371,
        0.05158253004872755,
        0.05464823881527052,
        0.051893637993723665,
        0.051361656581461634,
        0.0574158979565018,
        0.07063970679610926,
        0.08814591167315154,
        0.05460362305416343,
        0.05555701973195859,
        0.08492439935271173,
        0.08795393576069586
      ]
    },
    "500x500m": {
      "accuracy": 0.5853658536585366,
      "roc_auc": 0.6678030303030303,
      "classification_report": {
        "Non-Landslide": {
          "precision": 0.8611111111111112,
          "recall": 0.5166666666666667,
          "f1-score": 0.6458333333333334,
          "support": 60.0
        },
        "Landslide": {
          "precision": 0.3695652173913043,
          "recall": 0.7727272727272727,
          "f1-score": 0.5,
          "support": 22.0
        },
        "accuracy": 0.5853658536585366,
        "macro avg": {
          "precision": 0.6153381642512077,
          "recall": 0.6446969696969698,
          "f1-score": 0.5729166666666667,
          "support": 82.0
        },
        "weighted avg": {
          "precision": 0.7292329445033582,
          "recall": 0.5853658536585366,
          "f1-score": 0.6067073170731707,
          "support": 82.0
        }
      },
      "landslide_precision": 0.3695652173913043,
      "landslide_recall": 0.7727272727272727,
      "landslide_f1": 0.5,
      "threshold": 0.29,
      "feature_importances": [
        0.059218238532308565,
        0.0863123112723283,
        0.04989566013066306,
        0.07660921197149158,
        0.04714664309038834,
        0.05716510963025497,
        0.06039707522693558,
        0.05472296651504438,
        0.05547428078120726,
        0.07170630342913863,
        0.10131565723251666,
        0.058078552791592256,
        0.07379043442801955,
        0.07962443060380399,
        0.06854312436430687
      ]
    }
  },
  "best_size": "5x5km"
}